{
  "threshold": 0.35,
  "tss": 0.9147177419354837,
  "hss": 0.909109125155292,
  "f1": 0.9509388249545729
}